{"inputUnits":[34],"outputUnits":3,"inputs":{"0":{"dtype":"number","min":322.50218135373603,"max":363.7580117548486},"1":{"dtype":"number","min":112.49962120204583,"max":218.4558877314111},"2":{"dtype":"number","min":330.9011555831256,"max":368.53098294150504},"3":{"dtype":"number","min":105.61803320502494,"max":214.42156008709264},"4":{"dtype":"number","min":312.94981069601926,"max":354.9610844474822},"5":{"dtype":"number","min":105.54723361122933,"max":215.7674790913029},"6":{"dtype":"number","min":341.800803099161,"max":381.8208698910962},"7":{"dtype":"number","min":111.58972892315936,"max":216.5719141384971},"8":{"dtype":"number","min":298.8607550595057,"max":345.79429537405764},"9":{"dtype":"number","min":114.51549930795159,"max":222.05203520184824},"10":{"dtype":"number","min":348.60766340322533,"max":399.4906385399488},"11":{"dtype":"number","min":152.95013190243495,"max":252.38695077859012},"12":{"dtype":"number","min":273.6687413078338,"max":335.54663750911965},"13":{"dtype":"number","min":156.603870911357,"max":256.09689912907345},"14":{"dtype":"number","min":401.70269710080635,"max":438.4670904359929},"15":{"dtype":"number","min":172.95492803076363,"max":297.9235519231062},"16":{"dtype":"number","min":218.07655186040856,"max":304.8696460055934},"17":{"dtype":"number","min":185.15280994459812,"max":296.5469336602475},"18":{"dtype":"number","min":367.4643775554019,"max":470.71447943898954},"19":{"dtype":"number","min":146.23930341074902,"max":290.82520243722644},"20":{"dtype":"number","min":158.11953770975194,"max":345.15474668272736},"21":{"dtype":"number","min":156.53782380694082,"max":314.2164487133694},"22":{"dtype":"number","min":315.8614212807978,"max":377.85883447075634},"23":{"dtype":"number","min":262.7583247678289,"max":339.11386690251095},"24":{"dtype":"number","min":277.28207599328186,"max":338.4893620709965},"25":{"dtype":"number","min":249.315451536661,"max":335.8119136350164},"26":{"dtype":"number","min":347.72640124369224,"max":425.30226651796573},"27":{"dtype":"number","min":335.74019970133145,"max":357.7593486503868},"28":{"dtype":"number","min":231.6989391044884,"max":315.66034992381293},"29":{"dtype":"number","min":278.8686449147384,"max":357.8745254932211},"30":{"dtype":"number","min":345.5357081788059,"max":394.5985264165856},"31":{"dtype":"number","min":410.39859756885335,"max":434.78432443819156},"32":{"dtype":"number","min":186.9089113228052,"max":348.6304993388254},"33":{"dtype":"number","min":306.6604804250517,"max":427.059447292224}},"outputs":{"0":{"dtype":"string","min":0,"max":1,"uniqueValues":["t","g","w"],"legend":{"t":[1,0,0],"g":[0,1,0],"w":[0,0,1]}}},"isNormalized":true}